Rank,Name,Price
1,【公式】iFace iphone12 ケース iphone11 12pro 12mini 12promax iphone8 iphoneSE 第2世代 se2 11pro 11promax XR XS X XSMax 6s 8Plus 7 Reflection 透明 クリアケース 強化ガラス 【 リフレクション クリア スマホケース アイフェイス iphoneケース カバー 耐衝撃 】,3520
2,【公式】iPhone 12 12Pro 12mini SE第2世代 8 7 11 XR XS iFace First Class Cafe Macarons くすみ ケース【 耐衝撃 iphoneケース アイフェイス iphone12 iphone12pro iphoneSE 第二世代 se2 アイフォン12 ベージュ マカロン カフェ スマホケース カバー アイフォン 】,3300
3,iPhone12 ケース iPhone SE ケース 第2世代 手帳型 iPhone12 pro mini max ケース iPhone11 ケース iPhone SE2 手帳型ケース iPhone11pro手帳 iPhone XR X XS スマホケース マグネット iPhoneSE2 iphoneケース スマホカバー iPhone8 ケース iPhone7 シンプル ベルトなし,1480
4,【公式】iFace 保証付き iphone8 iphoneSE 第2世代 se2 ケース iphone7 iphone6s iphone6 iFace First Class Standard 【 スマホケース アイフェイス アイフォン8ケース アイフォン7 アイフォン8 SE ハードケース スタンダード iphoneケース 韓国 携帯ケース 携帯カバー 】,2860
5,【8/11までタイムSALE開催中】iPhone12 ケース iPhone11 ケース 手帳型 本革 iPhone se ケース 第2世代 se2 手帳型ケース iPhone12 mini 手帳 iPhone12 pro max iPhone8 11 pro xr xs x 8plus 7 6s アイフォン12 スマホケース iphoneケース スマホカバー アイホン,2980
6,iPhone12 ケース iPhone SE iPhone11 ケース アイフォン 12 mini ケース アイフォン11 SE Pro ケース 8 XR XS X 7 iPhone8 iPhoneXR ケース スマホケース カバー シンプル かわいい クリア 透明 ポリカーボネート 耐衝撃 ストラップホール dm「クリアシールド」,1780
7,スマホケース 手帳型 全機種対応 iPhone12 ケース iphone12 mini pro Max カバー 本革 レザー iPhone SE 第2世代 se2 携帯ケース iPhone11 iPhone XS MAX XR X スマホ iPhone8 iPhone7 oppo reno 3a AQUOS sense4 lite sense5g sense3 Galaxy a32 s21 S20 xperia 5 10 ii ace,3599
8,iphone12 ケース 【前後ガラス+覗き見防止】iphone12 mini ケース iphone12 pro ケース iphone12 pro max ケース iPhoneSE ケース 第2世代 iphone11 ケース pro 11 pro max xr iPhone XS ケース iphone 8/7Plus スマホケース 覗見防止 両面 マグネット iphoneケース 全面保護,2080
9,iPhone12 ケース iPhoneSE 第2世代 iPhone11 手帳型 本革 レザー iPhoneXR iPhoneXS iPhoneX Pro Max mini iPhone8 plus 手帳型ケース アイフォン iPhoneケース カバー かっこいい おしゃれ カード収納 シンプル 大人 スマホケース 高級 メンズ レディース HANATORA ハナトラ,6560
10,iphone12 iphone12Pro iphone12 mini iphone12promax iphone13 pro max mini iphone11 pro max iphone xs max iphone x xr iphone8 iphone7 plus iphone se se2 ケース 第2世代 カバー メッキ 加工 耐衝撃 超薄 軽量 韓国 おしゃれ かわいい TPU スマホケース リング 付き 夏,1355
11,iphone12 ケース 手帳型 iphone12ケース 手帳 ミニ iphone se ケース 第2世代 iphone12 pro max ケース アイフォン12 手帳型 iphone11 ケース 手帳 アイフォン11 SE2 iphone12pro max 手帳型ケース iphoneケース 薄型 おしゃれ シンプル,780
12,iphone12 ケース 12Pro 12ProMax iphone12 mini ケース iphone se ケース 第2世代 Phone8 iphone11 ケース iPhone 11 Pro iPhone8 iphone11 Pro Max カバー iPhone XS iphone xr リング付 iPhone7 iphone6 手帳型 スマホケース 透明 クリア シリコン アイフォン 手帳,1580
13,ano iphoneケース 【名入れ対応】 iphone スマホホルダー 首掛け 肩掛け ショルダー ストラップ 斜めがけ iphone12 アイフォン 12 ケース mini pro promax 11 シリコンケース カバー SE XR X XS Galaxy s10 s20 スマホケース プレゼント くすみカラー s21 ギャラクシー,2990
14,【楽天1位】スマホケース 手帳型 全機種対応 iPhone12ケース pro max iPhone12 mini iphone11ケース iPhoneケース se 第2世代 iPhone11 Pro Max ケース iphone8 se xperia 5 シンプル 女子 galaxy AQUOS 手帳ケース 手帳カバー ARROWS HUAWEI 携帯ケース カバー Rakuten Mini,950
15,スマホケース 手帳型 全機種対応 arrows be4 f-41a galaxy a41 sc-41a 楽天ハンド basio4 kyv47 ベイシオ4 ギャラクシーa21 sc42a 楽天ミニ oppo a73 iphone12 xperia 1 10 III ケース galaxy a21 s20 s10 AQUOS sense4 plus カバー 携帯ケース 韓国 かわいい おしゃれ,698
16,4日20時からP5倍！ iphone 12 pro mini se 第二世代 ケース se2 iPhone11 pro 8 7 xr xs スマホケース カバー iphone シリコン くすみカラー アイフォン シンプル 無地 おしゃれ かわいい 大人 可愛い お洒落 大人ピンク サックスブルー パープル ニュアンスカラー ミント,1980
17,iPhone12 ケース カバー 本革 高級 レザー ic カード収納 ポケット 背面 iPhoneSE 第2 第二世代 iPhone11 pro max mini iPhoneXR iPhoneXS iPhone8 Plus スマホケース メンズ レディース シンプル かわいい おしゃれ 衝撃に強い 大人 可愛い アイフォン HANATORA ハナトラ,2780
18,【公式】iFace iphone12 ケース iphone12pro iphone11 iphoneケース 第2世代 iphone12promax カバー iFace First Class Standard pastel Metallic 保証付 【 アイフェイス iphoneケース iphone iphone12ケース 12 12pro 11 11pro アイフォン12 スマホケース 耐衝撃 韓国 】,3300
19,iPhone12 ケース クリア iphone12 mini ケース iphone12 pro ケース iPhone11 カバー 11 バンパー クリアケース iphone se 第2世代 se2 12 max iphone8 iphone7 promax plus 12mini 12pro かわいい おしゃれ 韓国 iphoneケース スマホケース 耐衝撃 衝撃吸収 アイフォン12,920
20,Xperia 10 III Xperia Ace II Xperia 1 II ケース Xperia1 10 Xperia5 II Xperia8 Xperia 8 Lite Xperia5 Ace XZ3 XZ2 XZ1 XZ XZs XZPremium XPerformance 手帳型 マグネット エクスペリア シンプル スマホケース カバー 手帳型ケース | スマホカバー スタンド,1480
21,Elegante Shoulder iPhone12 ケース ショルダー ケース iPhone se ケース 第2世代 ケース iPhone12 pro max ケース iPhone11 ケース iPhone8 7 iphone se2 スマホケース アイフォン12 アイホン12 ケース カバー ストラップ くすみカラー カード収納 首掛け 肩掛け 斜め掛け,2480
22,[ガラスフィルム付]　iPhone12 ケース 12Pro 12ProMax iphone12 mini ケース iphone se ケース 第2世代 iphone11 iPhone 11 Pro iphone11 Pro Max iPhone8 iphone xr iphone xs max かわいい Plus おしゃれ iphone スマホケース 透明 カバー クリア シリコン 透明 アイフォン,1380
23,【P5倍】【2枚セット】防水ケース iPhone スマホ iphone12 IPX8防水 6.5インチ以下全機種対応 指紋認証/Face ID認証対応 カバー ケース ネックストラップ&アームバンド付き 水中撮影 お風呂 海水浴 水泳など適用 ホワイト ブラック,1180
24,iPhone12 ケース iPhone se 第2世代 iPhone11 iPhone12 mini pro max iPhoneSE2 iPhone8 iPhone11ケース スマホケース シリコン スマホカバー iPhone11 Pro Max シリコンケース iPhoneXS アイフォンケース アイフォン iphoneケース 携帯カバー|アイフォンカバー アイフォン12,1380
25,背面強化ガラス iPhone12 ケース 12Pro 12ProMax 12mini ケース iphone se ケース 第2世代 iPhone11 クリア iphone11 pro カバー iphone 11 iphone xr iPhone8 おしゃれ クリアケース 耐衝撃 透明 軽い クリアカバー スマホケース かわいい iPhoneケース アイフォン,1980
26,Lontan band iPhone12 ケース iPhone se ケース 第2世代 ケース iPhone12 mini pro max ケース iPhone11 ケース iPhone8 iphone7 ケース スマホケース ハードケース アイフォン12 アイホン12 アイフォン11 ケース カバー おしゃれ 可愛い スタンド機能付き 携帯ケース,1980
27,スマホケース 手帳型 全機種対応 iPhone12 ケース iphone12 mini pro Max カバー iPhone SE 第2世代 se2 携帯 iPhone11 iPhoneXS MAX XR X iPhone8 iPhone7 oppo reno 3a AQUOS sense4 lite sense5g sense3 Galaxy a32 s21 S20 xperia 10 iii 5 ii 1 ace アイフォン12,2499
28,スマホケース 手帳型 全機種対応 iPhone12 pro max mini iPhone se 第2世代 ケース 手帳型 iPhone11 ケース iphone8 7 アイフォン12 xperia 10 1 III xperia 5 10 II ace2 ケース galaxy a52 5g a41 s21 ultra a32かわいい AQUOS sense4 3 5G plus lite R6 カバー 携帯ケース,2980
29,（クラシックな薄型）【今ならガラスフィルム 付】iphone12 ケース iphone se ケース iphone11 ケース スマホケース iphone12 mini ケース iphone12 pro max iphone8 ケース iphoneケース カバー おしゃれ かわいい 韓国 耐衝撃,1280
30,Holdit iPhone12 ケース iPhoneケース シリコン iPhone 12 mini Pro Max iPhoneSE SE SE2 iPhone11 11 ProMax XS X XR XSMax iPhone8 iPhone7 アイフォンケース アイフォン12 アイフォンSE アイフォン11 アイフォン8 北欧 ブランド シリコンケース おしゃれ,2580
